article,summary
Stock markets saw a significant rise after positive employment data.,Inflation to stabilize soon.
Startups are leveraging cloud computing to scale their businesses faster than ever.,Cloud computing helps startups scale quickly.
Health experts emphasize the importance of mental well-being post-pandemic.,New vaccine developed for diseases.
Startups are leveraging cloud computing to scale their businesses faster than ever.,AI and machine learning are fueling tech growth.
International leaders gathered for the annual summit on global cooperation.,New policy targets climate change.
New smartphones are now featuring foldable displays and advanced camera systems.,Cloud computing helps startups scale quickly.
The championship game ended with a dramatic last-minute goal.,Basketball tournament sees major upset.
The upcoming election has stirred debates among major political parties.,Debates intensify ahead of the election.
Central banks are considering a change in interest rates policy.,Inflation to stabilize soon.
Inflation rates are expected to stabilize in the coming quarter.,Stock markets rise on job data.
Researchers have developed a new vaccine to combat infectious diseases.,Study links diet to heart disease.
Central banks are considering a change in interest rates policy.,Interest rate change under discussion.
International leaders gathered for the annual summit on global cooperation.,Global leaders meet for cooperation talks.
International leaders gathered for the annual summit on global cooperation.,Global leaders meet for cooperation talks.
Stock markets saw a significant rise after positive employment data.,Inflation to stabilize soon.
The upcoming election has stirred debates among major political parties.,New policy targets climate change.
Central banks are considering a change in interest rates policy.,Interest rate change under discussion.
Inflation rates are expected to stabilize in the coming quarter.,Stock markets rise on job data.
A new policy reform was introduced to address climate change concerns.,New policy targets climate change.
Inflation rates are expected to stabilize in the coming quarter.,Inflation to stabilize soon.
International leaders gathered for the annual summit on global cooperation.,Global leaders meet for cooperation talks.
Health experts emphasize the importance of mental well-being post-pandemic.,Study links diet to heart disease.
The tech industry is experiencing rapid growth due to advances in AI and machine learning.,Smartphones now have foldable screens.
The tech industry is experiencing rapid growth due to advances in AI and machine learning.,AI and machine learning are fueling tech growth.
The tech industry is experiencing rapid growth due to advances in AI and machine learning.,Smartphones now have foldable screens.
Startups are leveraging cloud computing to scale their businesses faster than ever.,Cloud computing helps startups scale quickly.
Athletes are preparing for the upcoming Olympic trials.,Olympic trials preparations underway.
Health experts emphasize the importance of mental well-being post-pandemic.,New vaccine developed for diseases.
Inflation rates are expected to stabilize in the coming quarter.,Inflation to stabilize soon.
Health experts emphasize the importance of mental well-being post-pandemic.,Study links diet to heart disease.
Stock markets saw a significant rise after positive employment data.,Interest rate change under discussion.
A major upset occurred in the national basketball tournament.,Olympic trials preparations underway.
A major upset occurred in the national basketball tournament.,Championship decided by late goal.
The tech industry is experiencing rapid growth due to advances in AI and machine learning.,Cloud computing helps startups scale quickly.
Researchers have developed a new vaccine to combat infectious diseases.,New vaccine developed for diseases.
Researchers have developed a new vaccine to combat infectious diseases.,Study links diet to heart disease.
The tech industry is experiencing rapid growth due to advances in AI and machine learning.,Cloud computing helps startups scale quickly.
Stock markets saw a significant rise after positive employment data.,Interest rate change under discussion.
A major upset occurred in the national basketball tournament.,Olympic trials preparations underway.
Health experts emphasize the importance of mental well-being post-pandemic.,Mental health prioritized post-pandemic.
A major upset occurred in the national basketball tournament.,Championship decided by late goal.
A major upset occurred in the national basketball tournament.,Olympic trials preparations underway.
A major upset occurred in the national basketball tournament.,Basketball tournament sees major upset.
International leaders gathered for the annual summit on global cooperation.,New policy targets climate change.
A new policy reform was introduced to address climate change concerns.,Global leaders meet for cooperation talks.
Researchers have developed a new vaccine to combat infectious diseases.,Study links diet to heart disease.
International leaders gathered for the annual summit on global cooperation.,Debates intensify ahead of the election.
The tech industry is experiencing rapid growth due to advances in AI and machine learning.,Smartphones now have foldable screens.
Central banks are considering a change in interest rates policy.,Interest rate change under discussion.
A major upset occurred in the national basketball tournament.,Olympic trials preparations underway.
A recent study shows a correlation between diet and heart disease.,New vaccine developed for diseases.
Stock markets saw a significant rise after positive employment data.,Interest rate change under discussion.
Startups are leveraging cloud computing to scale their businesses faster than ever.,Smartphones now have foldable screens.
The tech industry is experiencing rapid growth due to advances in AI and machine learning.,Smartphones now have foldable screens.
A recent study shows a correlation between diet and heart disease.,Mental health prioritized post-pandemic.
Athletes are preparing for the upcoming Olympic trials.,Basketball tournament sees major upset.
Startups are leveraging cloud computing to scale their businesses faster than ever.,Smartphones now have foldable screens.
Stock markets saw a significant rise after positive employment data.,Stock markets rise on job data.
Startups are leveraging cloud computing to scale their businesses faster than ever.,Smartphones now have foldable screens.
The championship game ended with a dramatic last-minute goal.,Championship decided by late goal.
Inflation rates are expected to stabilize in the coming quarter.,Stock markets rise on job data.
A new policy reform was introduced to address climate change concerns.,Global leaders meet for cooperation talks.
Health experts emphasize the importance of mental well-being post-pandemic.,New vaccine developed for diseases.
Central banks are considering a change in interest rates policy.,Stock markets rise on job data.
Health experts emphasize the importance of mental well-being post-pandemic.,Mental health prioritized post-pandemic.
Inflation rates are expected to stabilize in the coming quarter.,Inflation to stabilize soon.
A major upset occurred in the national basketball tournament.,Championship decided by late goal.
Researchers have developed a new vaccine to combat infectious diseases.,Study links diet to heart disease.
New smartphones are now featuring foldable displays and advanced camera systems.,Smartphones now have foldable screens.
A major upset occurred in the national basketball tournament.,Olympic trials preparations underway.
Inflation rates are expected to stabilize in the coming quarter.,Interest rate change under discussion.
Researchers have developed a new vaccine to combat infectious diseases.,Study links diet to heart disease.
Athletes are preparing for the upcoming Olympic trials.,Basketball tournament sees major upset.
A major upset occurred in the national basketball tournament.,Championship decided by late goal.
Health experts emphasize the importance of mental well-being post-pandemic.,Mental health prioritized post-pandemic.
Startups are leveraging cloud computing to scale their businesses faster than ever.,AI and machine learning are fueling tech growth.
International leaders gathered for the annual summit on global cooperation.,Global leaders meet for cooperation talks.
International leaders gathered for the annual summit on global cooperation.,Debates intensify ahead of the election.
A new policy reform was introduced to address climate change concerns.,New policy targets climate change.
The championship game ended with a dramatic last-minute goal.,Basketball tournament sees major upset.
International leaders gathered for the annual summit on global cooperation.,Global leaders meet for cooperation talks.
New smartphones are now featuring foldable displays and advanced camera systems.,Cloud computing helps startups scale quickly.
The championship game ended with a dramatic last-minute goal.,Championship decided by late goal.
Researchers have developed a new vaccine to combat infectious diseases.,Study links diet to heart disease.
A major upset occurred in the national basketball tournament.,Championship decided by late goal.
Health experts emphasize the importance of mental well-being post-pandemic.,Study links diet to heart disease.
A recent study shows a correlation between diet and heart disease.,New vaccine developed for diseases.
Inflation rates are expected to stabilize in the coming quarter.,Interest rate change under discussion.
Athletes are preparing for the upcoming Olympic trials.,Basketball tournament sees major upset.
The upcoming election has stirred debates among major political parties.,New policy targets climate change.
New smartphones are now featuring foldable displays and advanced camera systems.,AI and machine learning are fueling tech growth.
Stock markets saw a significant rise after positive employment data.,Stock markets rise on job data.
International leaders gathered for the annual summit on global cooperation.,Debates intensify ahead of the election.
Athletes are preparing for the upcoming Olympic trials.,Olympic trials preparations underway.
A new policy reform was introduced to address climate change concerns.,New policy targets climate change.
Athletes are preparing for the upcoming Olympic trials.,Olympic trials preparations underway.
Athletes are preparing for the upcoming Olympic trials.,Championship decided by late goal.
Startups are leveraging cloud computing to scale their businesses faster than ever.,Cloud computing helps startups scale quickly.
The upcoming election has stirred debates among major political parties.,Debates intensify ahead of the election.
The championship game ended with a dramatic last-minute goal.,Basketball tournament sees major upset.
